wooper	17706086	22461441	12139352	13951894	13802569	10042684
4 girls 2 cups	11342324	10720892	10968596	10470806	14674958	12663870
malvon stinky	11113661	9387696	8692164	7639453	9501611	12688176
costco hotdog	20630250	9459674	11959709	14169321	16320893	12090610
Small Countries Unite 2.5	11332703	11412507	13055978	16522589	6482909	9737185
guy that thinks he's in an edit	16303970	9501845	4300192	18598040	28214037	14467998
Harta Tahta Retot	17996877	8688737	18347666	10423227	17369449	4858555
UTC9 Bomb	18425276	6717559	2050872	15195364	17847877	18212788
the voices :steamhappy:	10831457	13941884	13347734	10685608	14090438	22871068
Greece A 2024	16386592	9101605	13045647	17205720	15950574	10525121
we_are_the_unitedx_kingdom53	12140025	11370425	6825847	29019225	29460766	27524141
Le Zoroliasfa111l1	18047706	11001039	25129957	8508931	15441612	15145155
Salyut Els Ã‰pimÃ¨res	17683654	15352147	13778459	13963691	8824226	10451063
The Gokaiger's	22285629	11762288	14177677			
baphomet chest release	10643997	5589933	15457184	7742067	23142464	12471020
Hetzer Club	22690359	15424137	13141032	14129921	15333140	12254421
metalvampir	20636251	9335177	13216813	11731667	12392386	13890225
cat band	12207972	12603952	6245319	16089185	10918400	19075364
HOW MANY PLAYERS???????????	7802400	25778339	11557554	7989469	20644852	3089026
Kohai Team Hi	6560308	11234356	13604256	9027651	13583469	12445254
FADED	13050074	18488132	12195391	18462361	20241831	9425864
Fuwari	10166961	16748549	14388839	14436770	20704956	9586445
Time sÃ©rio	3947634	6057004	11251594	3914271	11848456	10378085
misterkot	8579186	10669817	15120913	9307769	8921554	9367683
:fairy: :sparkles: 	12616850	21627415	16468838	14040810	16679145	25479104
assalamualaikum	26735014	12112774	9894718	10735273	3093047	15617884
pero weon	12027165	11811036	11477921	11774020	14077136	7165748
cold bread	18750748	14723002	14359594	21586994	3149395	689997
is that a yes o arnao	12062155	3996854	14420220	12031584	10976433	10565596
:SHAKING_FACE:	27909731	12368599	9255470	11914360	13639886	21932248
Mystical Northern European Man	10271830	2917990	4335279	17522180	11444694	24232404
Luka=mrekk 	32610281	20509581	4801735	11923800	18579521	27168737
Ata - Ganathar	13881936	6771098	9118444	23658176	16962493	19898878
The Train I Never Said	23384384	12300150	20270243	14799829	30556250	15379825
idk	16557587	22759719	25668478	5069873	13837396	31793539
st	7202604	7103078	13231869	28580853	19002364	15126278
SG 6WC Team B	20569442	8852426	18946908	12831353	5324987	9902622
The Sigma Scaffolders ðŸ˜ˆ	13946307	16197848	15745855	14022785		